,language,question_count,answer_count,total,ratio
0,c,189582,401008,590590,2.115221909252988
1,c++,457026,894114,1351140,1.9563744732247181
2,html,333848,629124,962972,1.8844623900697324
3,java,1125001,1972889,3097890,1.7536775522866201
4,javascript,1196065,1991325,3187390,1.6648969746627482
5,matlab,59194,78562,137756,1.3271953238503902
6,mysql,365740,627528,993268,1.7157762344835128
7,python,611922,1001047,1612969,1.635906210268629
8,sql,256333,499427,755760,1.948352338559608
